url,label
https://www.google.com,0
https://www.google.com/contact,0
https://www.google.com/about,0
https://www.youtube.com,0
https://www.youtube.com/contact,0
https://www.youtube.com/about,0
https://www.facebook.com,0
https://www.facebook.com/contact,0
https://www.facebook.com/about,0
https://en.wikipedia.org,0
https://en.wikipedia.org/contact,0
https://en.wikipedia.org/about,0
https://twitter.com,0
https://twitter.com/contact,0
https://twitter.com/about,0
https://www.amazon.com,0
https://www.amazon.com/contact,0
https://www.amazon.com/about,0
https://www.linkedin.com,0
https://www.linkedin.com/contact,0
https://www.linkedin.com/about,0
https://github.com,0
https://github.com/contact,0
https://github.com/about,0
https://stackoverflow.com,0
https://stackoverflow.com/contact,0
https://stackoverflow.com/about,0
https://www.microsoft.com,0
https://www.microsoft.com/contact,0
https://www.microsoft.com/about,0
http://example.com/page,0
http://example.com/page/contact,0
http://example.com/page/about,0
https://www.nytimes.com/section/world,0
https://www.nytimes.com/section/world/contact,0
https://www.nytimes.com/section/world/about,0
https://www.reddit.com/r/programming,0
https://www.reddit.com/r/programming/contact,0
https://www.reddit.com/r/programming/about,0
https://docs.python.org/3/library/index.html,0
https://docs.python.org/3/library/index.html/contact,0
https://docs.python.org/3/library/index.html/about,0
https://pypi.org/project/pandas/,0
https://pypi.org/project/pandas//contact,0
https://pypi.org/project/pandas//about,0
http://secure-login-bank.com.update-info.xyz,1
http://secure-login-bank.com.update-info.xyz?token=12345,1
http://secure-login-bank.com.update-info.xyz/login,1
http://paypal-verify-account.su,1
http://paypal-verify-account.su?token=12345,1
http://paypal-verify-account.su/login,1
https://x.co/suspicious,1
https://x.co/suspicious?token=12345,1
https://x.co/suspicious/login,1
http://192.168.1.1/login.php,1
http://192.168.1.1/login.php?token=12345,1
http://192.168.1.1/login.php/login,1
http://google-drive-secure-share.tk,1
http://google-drive-secure-share.tk?token=12345,1
http://google-drive-secure-share.tk/login,1
http://apple-id-reset.com.user-data.info,1
http://apple-id-reset.com.user-data.info?token=12345,1
http://apple-id-reset.com.user-data.info/login,1
http://verify-netflix-payment.net,1
http://verify-netflix-payment.net?token=12345,1
http://verify-netflix-payment.net/login,1
http://cryptocurrency-giveaway.biz/claim,1
http://cryptocurrency-giveaway.biz/claim?token=12345,1
http://cryptocurrency-giveaway.biz/claim/login,1
http://login.amazon.security-update.com,1
http://login.amazon.security-update.com?token=12345,1
http://login.amazon.security-update.com/login,1
http://w3b-f4ke-s1te.ru/index.html,1
http://w3b-f4ke-s1te.ru/index.html?token=12345,1
http://w3b-f4ke-s1te.ru/index.html/login,1
http://account-update-required.gq,1
http://account-update-required.gq?token=12345,1
http://account-update-required.gq/login,1
http://free-iphone-winner.com,1
http://free-iphone-winner.com?token=12345,1
http://free-iphone-winner.com/login,1
http://wellsfargo.secure-banking.com.phishing.site,1
http://wellsfargo.secure-banking.com.phishing.site?token=12345,1
http://wellsfargo.secure-banking.com.phishing.site/login,1
http://chaselogin-verify.com,1
http://chaselogin-verify.com?token=12345,1
http://chaselogin-verify.com/login,1
http://irs-tax-refund-claim.org,1
http://irs-tax-refund-claim.org?token=12345,1
http://irs-tax-refund-claim.org/login,1
